Product,Variation,SKU,Category,QTY,Count
1/2 Bog Hoodie,Small Leopard Teal,TNEZP6JJ,Gator Waders,1,
1/2 Bog Hoodie,Small Realtree Max-5,TNP582IQ,Gator Waders,1,
1/2 Bog Hoodie,Small Seven Black,TNNH4Z57,Gator Waders,1,
1/2 Bog Hoodie,Small Pink,BOG-WSM,Gator Waders,0,
1/2 Bog Hoodie,Small Snake Skin,TNQ7XNH2,Gator Waders,1,
1/2 Bog Hoodie,Medium Coral,TNL8SUUO,Gator Waders,0,
1/2 Bog Hoodie,Medium Pink,TNH0O9LF,Gator Waders,0,
1/2 Bog Hoodie,Medium Leopard Teal,810064791239,Gator Waders,1,
1/2 Bog Hoodie,Medium Seven Black,BOG46MM,Gator Waders,1,
1/2 Bog Hoodie,Medium Realtree Max-5,TN67F1MW,Gator Waders,0,
1/2 Bog Hoodie,Large Aqua,TN1O8IOY,Gator Waders,2,
1/2 Bog Hoodie,Large Coral,TN3X2YBO,Gator Waders,1,
1/2 Bog Hoodie,Large Leopard Teal,TN74SXIQ,Gator Waders,1,
1/2 Bog Hoodie,Large Pink,TNSA1FT3,Gator Waders,0,
1/2 Bog Hoodie,Large Realtree Max-5,TNHO9CZC,Gator Waders,1,
1/2 Bog Hoodie,Large Seven Black,BOG46ML,Gator Waders,3,
1/2 Bog Hoodie,Large Seven Lime,TNZ9LIX6,Gator Waders,1,
1/2 Bog Hoodie,Large Snake Skin,TN0K3S0X,Gator Waders,1,
1/2 Bog Hoodie,XL Seven Black,TN39SAF0,Gator Waders,1,
1/2 Bog Hoodie,XL Seven Lime,TNE1MY5U,Gator Waders,1,
1/2 Bog Hoodie,XL Red,TN5SK9WU,Gator Waders,0,
1/2 Bog Hoodie,XL Leopard Red,TNUXKPD5,Gator Waders,1,
1/2 Bog Hoodie,XL Snake Skin,TNPFUG36,Gator Waders,1,
1/2 Bog Hoodie,XL Coral,TNYES5P6,Gator Waders,1,
1/2 Bog Hoodie,XL Pink,BOG-WXL,Gator Waders,0,
1/2 Bog Hoodie,XL Aqua,TNHGO3LF,Gator Waders,1,
1/2 Bog Hoodie,XL Seven Red,BOG57MXL,Gator Waders,1,
1/2 Bog Hoodie,2XL Realtree Max-5,810064792588,Gator Waders,1,
1/2 Bog Hoodie,2XL Black Seven,810049597849,Gator Waders,1,
1/2 Bog Hoodie,2XL Orange,TN3VCMW9,Gator Waders,0,
1/2 Bog Hoodie,2XL Lime,TN0X045K,Gator Waders,1,
1/2 Bog Hoodie,3XL Seven Black,TN49BKR2,Gator Waders,2,
1/2 Bog Hoodie,3XL Realtree Max-5,TN6BA2Y6,Gator Waders,1,
1/2 Bog Hoodie,3XL Blue,TN93YQCB,Gator Waders,1,
100% Airmatic Youth Gloves,Large Green,TN4VFTCM,Gloves,1,
100% Barstow Goggles,Yellow Gold Mirrored,841269137508,Goggles,3,
100% Barstow Goggles,White/Red/Black Red Mirrored,841269108126,Goggles,4,
100% Barstow Goggles,Brown Silver Mirrored,841269137553,Goggles,2,
100% Brisker Gloves,Youth Small,841269130837,Gloves,1,
100% ITrack Youth Gloves,Small Animal Print,817779014011,Gloves,1,
100% ITrack Youth Gloves,Small Orange,841269148917,Gloves,1,
100% ITrack Youth Gloves,Medium Animal Print,817779014028,Gloves,1,
100% ITrack Youth Gloves,Large Animal Print,817779014035,Gloves,1,
100% Ridecamp Youth Gloves,Medium Red,841269138468,Gloves,1,
100% Ridecamp Youth Gloves,Large Black,841269138383,Gloves,1,
100% Ridecamp Youth Gloves,XL Black,841269138390,Gloves,2,
100% Ridecamp Youth Gloves,XL Red,841269138482,Gloves,1,
6ft Safety Flag,,SAFETYFLAG,Accessories,17,
AFX FX-99 Recurve,Large Gloss Black/Red,0101-11113,Helmet,1,1
AFX FX-99 Recurve,XL Gloss Black/Red,0101-11114,Helmet,1,1
AlpineStars MX Radar Youth Gloves,Small Blue,33321508,Gloves,1,
AlpineStars MX Radar Youth Gloves,XS Red,33321492,Gloves,1,
AlpineStars MX Radar Youth Gloves,XS Yellow,33321497,Gloves,1,
AlpineStars MX Radar Youth Gloves,Medium Yellow,33321499,Gloves,1,
AlpineStars MX Radar Youth Gloves,Large Blue,33321510,Gloves,1,
AlpineStars MX Radar Youth Gloves,Large Red,33321495,Gloves,1,
AMSOIL 2-Stroke Dominator Synthetic Oil,946ml,TDRQT-EA,Lubricants,7,
AMSOIL 2-Stroke Dominator Synthetic Oil,3.78L,TDR1G-EA,Lubricants,1,
AMSOIL 4-Stroke SAE 0W-40,946ml,AFFQT-EA,Lubricants,35,
AMSOIL 4-Stroke SAE 5W-50,946ml,AUV50QT-EA,Lubricants,20,
AMSOIL ATV/UTV Kit CK2,,CK2-EA,Lubricants,8,
AMSOIL ATV/UTV Kit PK1,,PK1-EA,Lubricants,5,
AMSOIL ATV/UTV Kit PK2C,,PK2C-EA,Lubricants,7,
AMSOIL Dominator Synthetic Racing Grease,397g,GRGCR-EA,Lubricants,5,
AMSOIL Dominator Synthetic Water-Resistant Grease,397g,GWRCR-EA,Lubricants,20,
AMSOIL Easy-Pack Powertrain Fluid,946ml,AUPTPK-EA,Lubricants,25,
AMSOIL SAE 10W-40,946ml,AUV40QT-EA,Lubricants,17,
AMSOIL Severe Gear SAE 75W-140,946L,SVOPK-EA,Lubricants,6,
AMSOIL Severe Gear SAE 75W-90,,SVG-QT,Lubricants,1,
AMSOIL Severe Gear SAE 80W-90,946ml,AGLPK-EA,Lubricants,16,
AMSOIL Synthetic 2-Stroke Interceptor Oil,946mL,AITQT-EA,Lubricants,1,
AMSOIL Synthetic ATV/UTV Front Drive Fluid,946ml,AUFDQT-EA,Lubricants,5,
AMSOIL Synthetic Transmission & Differential Fluid,946ml,AUDTPK-EA,Lubricants,15,
Barker's Exhaust Quiet Core - 1",,BAR-QC-1,Parts,8,
Battery Isolator with Wiring Kit,,70-2000,Accessories,0,
Battery Tender Ring Terminal Harness,,BATTEND,Accessories,2,
BoomBottle Magic Mount Speaker,Black,BTMSC1-BB2,Accessories,13,
BoomBottle Magic Mount Speaker,Black Camo,BTMSC5-BB2,Accessories,8,
Bracket for LED Light Bar 22-26MM,,0069933,Accessories,6,
Breakline Camp Boots,W 8 Leopard,810049597412,Gator Waders,1,
Bronco Clamp Kit - D Style,,28-07499,Parts,11,
Bronco Fuel Packs,3L,680-1400-1,Accessories,2,
Bronco Fuel Packs,5L,680-1405-1,Accessories,1,
Bronco Fuel Packs,20L,680-1410-1,Accessories,1,
Bronco Gun Boot Case,,33-05700,Accessories,9,
Bronco Heated Grips and Thumb Warmer,,340-1530,Accessories,2,
Bronco Wheel Spacers,1" 4/110 10mm,02-02400,Parts,11,
Bronco Wheel Spacers,1" 4/110 12mm x 1.25,02-02403,Parts,1,
Bronco Wheel Spacers,1" 4/115 10mm,02-02410,Parts,3,
Bronco Wheel Spacers,1" 4/137 10mm,02-02420,Parts,13,
Bronco Wheel Spacers,1" 4/137 12mm x 1.25,02-02423,Parts,1,
Bronco Wheel Spacers,1" 4/156 10mm,02-02435,Parts,8,
Bronco Wheel Spacers,1" 4/156 12mm x 1.5,02-02433,Parts,4,
Bronco Wheel Spacers,1.5" 4/110 12mm x 1.25,02-02404,Parts,2,
Bronco Wheel Spacers,1.5" 4/137 10mm,02-02421,Parts,10,
Bronco Wheel Spacers,1.5" 4/156 10mm,02-02436,Parts,1,
Bronco Wheel Spacers,1.5" 4/156 12mm x 1.5,02-02434,Parts,4,
Bronco Wheel Spacers,1.5" 4/156 3/8",02-02431,Parts,8,
Bronco Wheel Spacers,2" 4/137 10mm,02-02422,Parts,5,
Bronco Wheel Spacers,2" 4/156 3/8",02-02432,Parts,2,
Bronco Wheel Spacers,1" 4/156 3/8,02-02430,Parts,8,
Bronco Wheel Spacers,1.5" 4/110 10mm,02-02401,Parts,2,
Bronco Wheel Spacers,1.5" 4/137 12mm,02-02424,Parts,1,
Bronco Wheel Spacers,2" 4/110 10mm,02-02402,Parts,2,
Bronco Wheel Spacers,2" Spacer,02-02412,Parts,1,
Camp Boots,7 W Leopard,810064792236,Gator Waders,1,
Camp Boots,8 W Burst,810064792199,Gator Waders,0,
Camp Boots,8 W Leopard,810064792243,Gator Waders,1,
Camp Boots,9 W Leopard,810064792250,Gator Waders,1,
Camp Boots,10 M Black,810064792120,Gator Waders,1,
Camp Boots,11 M Seven,810064791871,Gator Waders,1,
Camp Boots,11 M Black,810064792137,Gator Waders,1,
Camp Boots,12 M Black,810064792144,Gator Waders,1,
Camp Boots,13 M Seven,810064791895,Gator Waders,1,
CKX TX228,Medium Blue,779423260871,Helmet,1,1
CKX TX228,2XL Blue,779423260901,Helmet,1,1
CKX TX228,2XL Pink,779423260840,Helmet,1,1
CKX TX228,2XL Red,779423261021,Helmet,1,1
CKX TX228,XL Pink,779423260833,Helmet,0,
Dalton Clutch Kit,CAN-AM 450,DBO450,Dalton,1,
Dalton Clutch Kit,CAN-AM 570M,DBO570M,Dalton,3,
Dalton Clutch Kit,CAN-AM 650,DBO650,Dalton,1,
Dalton Clutch Kit,CAN-AM 850 up to 27" tires,DBO850,Dalton,1,
Dalton Clutch Kit,CAN-AM 850M,DBO850M,Dalton,2,
Dalton Clutch Kit,CAN-AM DBO 1000 X,DBO1000X,Dalton,2,
Dalton Clutch Kit,CanAm 800M,DBO800M,Dalton,1,
Dalton Clutch Kit,POL 1000,DP1000,Dalton,1,
Dalton Clutch Kit,POL Sportsman 570EBS 28"+ Tires (18-20),DBW570EBS,Dalton,1,
Dalton Clutch Kit,POL 850-12,DP850-12,Dalton,2,
Dalton Primary Clutch Spring,Tan,DPPS-TN,Dalton,4,
Dalton Primary Clutch Spring,Green/Yellow,DPPS-G/Y,Dalton,4,
Dalton Primary Clutch Spring,Yellow/Blue,DPPS-Y/BL,Dalton,6,
Dalton Primary Clutch Spring,Yellow/Red,DPPS-Y/R,Dalton,4,
Dalton Secondary Clutch Spring,Black/Violet,DPSS-B/V,Dalton,4,
Dalton Secondary Clutch Spring,Yellow/Black,DPSS-Y/B,Dalton,4,
Deluxe ATV Pack,,737826016914,Storage,0,
Dragon MDX2 Goggles,Ionized Lenses Yellow,722-1228,Goggles,0,
Engine Ice Coolant,1.89L,81081100,Chemical,1,
EPI Ez Greaser,39mm,CA39MMGREASER,Lubricants,1,
EPI Ez Greaser,30mm,CA30MMGREASER,Lubricants,3,
EPI Ez Greaser,40mm,CA40MMGREASER,Lubricants,0,
EPI Performance Clutch Spring,Gold,PS-13,EPI,0,
EPI Universal Replacement CV Boot Clamps,,WE145000,EPI,3,
EPI Yamaha Secondary Clutch Spring,Blue,YDS1,EPI,3,
EPI Yamaha Secondary Clutch Spring,Orange,YDS3,EPI,3,
EPI Yamaha Secondary Clutch Spring,White,YDS5,EPI,3,
EPI Yamaha Secondary Clutch Spring,Purple,YDS6,EPI,2,
EPI Yamaha Secondary Clutch Spring,Gold,YDS7,EPI,1,
Evans Prep Fluid,1.89L,853613002233,Lubricants,4,
Evans Waterless Powersports Coolant,1.89L,853613002127,Lubricants,8,
Everglade 2.0 Insulated Boot,12 M Grey,600151005109,Gator Waders,1,
Everglade 2.0 Insulated Boot,12 M Lime,045919594066,Gator Waders,1,
Everglade 2.0 Uninsulated Boot,8 W Aqua,045919594189,Gator Waders,1,
Everglade 2.0 Uninsulated Boot,8 W Purple,045919594233,Gator Waders,0,
Everglade 2.0 Uninsulated Boot,9 W Hardwoods,045919594486,Gator Waders,1,
Everglade 2.0 Uninsulated Boot,10 W Purple,045919594257,Gator Waders,1,
Everglade 2.0 Uninsulated Boot,8 M Grey,600151004997,Gator Waders,1,
Everglade 2.0 Uninsulated Boot,8 M Hardwoods,045919594332,Gator Waders,1,
Everglade 2.0 Uninsulated Boot,9 M Hardwood,045919594349,Gator Waders,0,
Everglade 2.0 Uninsulated Boot,9 M Lime,045919594035,Gator Waders,1,
Everglade 2.0 Uninsulated Boot,10 M Blue,600151004799,Gator Waders,1,
Everglade 2.0 Uninsulated Boot,10 M Red,045919594110,Gator Waders,1,
Everglade 2.0 Uninsulated Boot,11 M Red,045919594127,Gator Waders,1,
Everglade 2.0 Uninsulated Boot,12 M Red,045919594134,Gator Waders,1,
Everglade 2.0 Uninsulated Boot,14 M Hardwoods,045919594394,Gator Waders,1,
Evo1 Offroad Waders,6 W Small Pink,GW6SMP,Gator Waders,1,
Evo1 Offroad Waders,6 W Small Leopard Teal,810049599812,Gator Waders,1,
Evo1 Offroad Waders,6 W Medium Leopard Teal,810049599836,Gator Waders,1,
Evo1 Offroad Waders,6 W Large Leopard Teal,810049599867,Gator Waders,1,
Evo1 Offroad Waders,6 W Large Pink,810049599980,Gator Waders,0,
Evo1 Offroad Waders,8 W Small Leopard Teal,GWWS8LT,Gator Waders,1,
Evo1 Offroad Waders,8 W Small Pink,810049599942,Gator Waders,1,
Evo1 Offroad Waders,8 W Medium Leopard Teal,EV147WMB,Gator Waders,0,
Evo1 Offroad Waders,8 W Large Leopard Teal,810049599874,Gator Waders,0,
Evo1 Offroad Waders,8 W XL Leopard Teal,810049599898,Gator Waders,1,
Evo1 Offroad Waders,8 W XL Pink,810064790010,Gator Waders,1,
Evo1 Offroad Waders,8 W 2XL Leopard,810049599911,Gator Waders,1,
Evo1 Offroad Waders,8 W 2XL Pink,GWW2XL8P,Gator Waders,1,
Evo1 Offroad Waders,8 M Regular Lime,GWMR8L,Gator Waders,0,
Evo1 Offroad Waders,10 W Medium Leopard Teal,810049599850,Gator Waders,1,
Evo1 Offroad Waders,10 W Medium Pink,810049599973,Gator Waders,1,
Evo1 Offroad Waders,10 W Large Pink,810064800009,Gator Waders,1,
Evo1 Offroad Waders,10 W Large Leopard Teal,810049599881,Gator Waders,1,
Evo1 Offroad Waders,10 W XL Leopard Teal,810049599904,Gator Waders,1,
Evo1 Offroad Waders,10 W XL Pink,810064790027,Gator Waders,1,
Evo1 Offroad Waders,10 W 2XL Leopard Teal,810049599928,Gator Waders,1,
Evo1 Offroad Waders,10 W 2XL Pink,810064790041,Gator Waders,0,
Evo1 Offroad Waders,10 M Stout Black Seven,810049599201,Gator Waders,0,
Evo1 Offroad Waders,10 M Stout Lime,810049599409,Gator Waders,0,
Evo1 Offroad Waders,10 M Regular Black Seven,810049599188,Gator Waders,0,
Evo1 Offroad Waders,10 M Regular Lime,810049599386,Gator Waders,1,
Evo1 Offroad Waders,10 M Long Black Seven,810049599225,Gator Waders,1,
Evo1 Offroad Waders,10 M Long Lime,810049599423,Gator Waders,1,
Evo1 Offroad Waders,12 M Stout Lime,810049599416,Gator Waders,1,
Evo1 Offroad Waders,12 M Regular Black Seven,810049599195,Gator Waders,1,
Evo1 Offroad Waders,12 M Regular Lime,810049599393,Gator Waders,1,
Evo1 Offroad Waders,12 M Long Black Seven,810049599232,Gator Waders,0,
Evo1 Offroad Waders,12 M Long Lime,810049599430,Gator Waders,0,
Evo1 Offroad Waders,12 M King Lime,810049599454,Gator Waders,0,
Evo1 Offroad Waders,14 M Long Black Seven,810049599249,Gator Waders,1,
Evo1 Offroad Waders,14 M Long Lime,810049599447,Gator Waders,1,
Evo1 Offroad Waders,14 M King Black Seven,GWMK14BS,Gator Waders,0,
Evo1 Offroad Waders,14 M King Lime,810049599461,Gator Waders,1,
Evo1 Offroad Waders,8 W Medium Pink,EV1M8WWP,Gator Waders,0,
EVS T5,XS Ecto Hi-Viz Yellow/Blue,338-30841,Helmet,1,
EVS T5,Medium Works Orange/White/Black,338-30893,Helmet,1,1
EVS T5,Medium Pinner Red/White,338-30813,Helmet,1,1
EVS T5,Medium Vector Red/Black,338-30773,Helmet,1,1
EVS T5,Large Vector Red/Black,338-30774,Helmet,0,
EVS T5,Large Pinner Red/White,338-30814,Helmet,1,1
EVS T5,Large Torino White,338-31324,Helmet,2,2
EVS T5,Large Works Orange/White/Black,338-30894,Helmet,1,
EVS T5,Large Gloss White,338-31304,Helmet,1,1
EVS T5,XL Gloss White,338-31305,Helmet,1,1
EVS T5,XL Vector Orange/Blue,338-30785,Helmet,1,1
Fairleads,Aluminum Small 4-7/8",TNR9E3U8,Accessories,80,
Fairleads,Aluminum Large,TNAYR3RJ,Accessories,29,
Fly Kinetic K120,2XL Blue/White/Red,49-03928,Helmet,1,1
Fly Maverik Boot,M 13 Black,40-03257,Boots,1,
Fly Racing 9MM Beanie Helmet,Small Flat Black,49-20004,Helmet,2,2
Fly Racing 9MM Beanie Helmet,Medium Flat Black,49-20005,Helmet,1,1
Fly Racing 9MM Beanie Helmet,Large Flat Black,49-20006,Helmet,3,3
Fly Racing 9MM Beanie Helmet,XL Flat Black,49-20007,Helmet,1,1
Fly Racing Grips,Pilot II Red/Black,24-1163,Accessories,2,
Fly Racing Grips,Pilot II Grey/Black,24-1161,Accessories,2,
Fly Racing Grips,Pilot II Red/Black,24-1127,Accessories,1,
Fly Racing Grips,Pilot II Blue/Black,24-1162,Accessories,2,
Fly Racing Grips,Pilot II Yellow/Black,24-1164,Accessories,1,
Fly Racing Grips,Pilot II Yellow/Black,24-1128,Accessories,1,
Fly Racing Grips,Pilot II MX Blue/Black,24-1142,Accessories,1,
Fly Racing Grips,Pilot II MX Yellow/Black,24-1144,Accessories,1,
Fly Racing Grips,Pilot II MX Red/Black,24-1143,Accessories,1,
Fly Racing Grips,Pilot II MX Grey/Black,24-1141,Accessories,4,
Fly Racing Grips,Pilot II MX Green/Black,24-1145,Accessories,3,
Fly Racing Grips,Waffle Black,24-3048,Accessories,8,
Fly Racing Kinetic Gloves,XL Red/Black,191361002083,Gloves,4,
Fly Racing Kinetic Gloves,2XL Grey/Black,191361001895,Gloves,2,
Fly Racing Kinetic Helmet,Small Matte Black,49-03804,Helmet,1,
FM Halos,Renegade Red,TNHV3H8P,Accessories,3,
FM Halos,Renegade Amber,TNJXQXEN,Accessories,3,
FM Halos,Renegade Purple,TNCI2HHB,Accessories,4,
FM Halos,Renegade White,TNOULGME,Accessories,3,
FM Halos,Renegade Green,TN4D25G3,Accessories,3,
FM Halos,Renegade Blue,TNQVVI9Q,Accessories,2,
FM Halos,Outlander Blue,TNQT415A,Accessories,3,
FM Halos,Outlander Green,TNPV7K86,Accessories,3,
FM Halos,Outlander Purple,TN40DKML,Accessories,4,
FM Halos,Outlander Red,TN8HHHF6,Accessories,2,
FM Halos,Outlander Amber,TNSA48RZ,Accessories,2,
FM Halos,Rear Red Out/Rene,FMRRH,Accessories,2,
FM Halos,Outlander White,TNUL9U7N,Accessories,4,
FM Halos,2.0 Chasing Bluetooth Mav X3,TNIFD5UN,Accessories,1,
FM Halos,2.0 Chasing Bluetooth Renegade,TNSJKOFO,Accessories,2,
FM Halos,2.0 Chasing Bluetooth Outlander,TNURIN3Y,Accessories,3,
FM Halos,2.0 Chasing Bluetooth Outlander L/570,TNAOI75V,Accessories,3,
FM Halos,Chasing Remote Outlander,TN6H4OCX,Accessories,3,
FM Halos,Chasing Remote Renegade,TNRXQWOO,Accessories,6,
FM Halos,Chasing Bluetooth Renegade,TNJU9TV0,Accessories,0,
FM Halos,Chasing Bluetooth Maverick,TNNYT1RT,Accessories,1,
Foam Beverage Holder,,360-9000,Accessories,7,
Gator Wader Face Shield,Coral Aztec,045919592857,Gator Waders,25,
Gator Waders Logo Hoodie,Grey & Olive Large,SS1017L,Gator Waders,2,
Gator Waders Logo Hoodie,Grey & Maroon Large,SS1054L,Gator Waders,3,
Gator Waders Logo Hoodie,Grey & Olive XL,SS1017XL,Gator Waders,1,
Gator Waders Logo Hoodie,Grey & Maroon XL,SS1054XL,Gator Waders,3,
GMAX GM11 Dual-Sport Scud,XS White/Grey,491-1753,Helmet,1,1
GMAX GM11 Dual-Sport Scud,Small White/Grey,491-1754,Helmet,1,
GMAX GM11 Dual-Sport Scud,Small Black/Grey,491-1784,Helmet,1,1
GMAX GM11 Dual-Sport Scud,Small Hi-Vis/Black,491-1744,Helmet,1,
GMAX GM11 Dual-Sport Scud,2XL Hi-Vis/Black,491-1748,Helmet,1,
GMAX GM65S,Small Black,496-5024,Helmet,2,1
GMAX GM65S,XL Black,496-5027,Helmet,0,
GMAX MD-04,Small Black,490-4074,Helmet,1,1
GMAX MD-04,Medium Black,490-4485E,Helmet,0,
GMAX MD-04S,3XL Black,490-4129D,Helmet,0,
GMAX MX-46 Offroad Dominant,Small red/Black/White,4-946514,Helmet,1,
GMAX MX-46 Offroad Dominant,Small Blue/Black/White,4-946524,Helmet,1,1
GMAX MX-46 Offroad Dominant,Small Black/Grey,4-946584,Helmet,1,
GMAX MX-46 Offroad Dominant,Medium Black/Hi-Vis,4-946545,Helmet,1,
GMAX MX-46 Offroad Dominant,Medium Black/Grey,4-946585,Helmet,1,
GMAX MX-46 Offroad Dominant,Large Red/Black/White,4-946516,Helmet,1,
GMAX MX-46 Offroad Dominant,XL Blue/Black/White,4-946527,Helmet,1,
GMAX MX-46 Offroad Dominant,2XL Black/Red/White,4-946718,Helmet,1,1
GMAX MX-46 Offroad Dominant,2XL Red/Black/White,4-946518,Helmet,1,
GMAX MX-86 Offroad Step Graphic,Small Black/Yellow/White,498-6244,Helmet,1,1
GMAX MX-86 Offroad Step Graphic,Medium Black/Blue/Orange,498-6125,Helmet,1,1
GMAX MX-86 Offroad Step Graphic,Large Black/Blue/White,498-6226,Helmet,0,
Gorilla Axle Spline Clips,19,GOR-CLIP-19,Parts,5,
Gorilla Axle Spline Clips,22,GOR-CLIP-22,Parts,10,
Gorilla Lug Nut Set,10-1.25 Spline CHROME (16 pieces),GOR-LUGNUT-10-1.25-CH,Parts,3,
Gorilla Lug Nut Set,12-1.25 Spline CHROME (16 pieces),GOR-LUGNUT-12-1.25-CH,Parts,3,
Gorilla Lug Nut Set,12-1.25 Spline BLACK (16 pieces),GOR-LUGNUT-12-1.25-B,Parts,8,
Gorilla Lug Nut Set,12-1.50 Spline BLACK (16 pieces),GOR-LUGNUT-12-1.50-B,Parts,1,
Gorilla Lug Nut Set,3/8 Spline CHROME (16 pieces),GOR-LUGNUT-38-CH,Parts,2,
Gorilla Lug Nut Set,3/8 Spline BLACK (16 pieces),GOR-LUGNUT-38-B,Parts,3,
Gorilla Renegade G2 Axle,Front Left,GOR-RENE-AXLE-FL,Parts,1,
Gorilla Renegade G2 Axle,Front Right,GOR-RENE-AXLE-FR,Parts,1,
Gorilla Renegade G2 Axle,Rear Left,GOR-RENE-AXLE-RL,Parts,1,
Gorilla Renegade G2 Axle,Rear Right,GOR-RENE-AXLE-RR,Parts,1,
GW Breathable Youth Waders,4/5 Grey,TNL4FR37,Gator Waders,2,
GW Breathable Youth Waders,6/7 Grey,600151004492,Gator Waders,0,
GW Youth Unisex Neoprene Waders,Lime/Black 6/7,YSWBL67,Gator Waders,1,
GW Youth Unisex Neoprene Waders,Lime/Black 8/9,YSWBL89,Gator Waders,1,
GW Youth Unisex Neoprene Waders,Lime/Black 10/11,YSWBL1011,Gator Waders,1,
GW Youth Unisex Neoprene Waders,Lime/Black 12/13,YSWBL1213,Gator Waders,1,
GW Youth Unisex Neoprene Waders,Aqua/Black 8/9,YSWBA89,Gator Waders,1,
GW Youth Unisex Neoprene Waders,Aqua/Black 10/11,YSWBA1011,Gator Waders,1,
HANDFUL Element Wear Gloves,Swarm XS,Swarmxs,Apparel,1,
HANDFUL Element Wear Gloves,Swarm Small,Swarmsmall,Apparel,1,
HANDFUL Element Wear Gloves,Swarm Medium,Swarmmedium,Apparel,1,
HANDFUL Element Wear Gloves,Swarm Large,Swarmlarge,Apparel,1,
HANDFUL Element Wear Gloves,Swarm XL,Swarmxl,Apparel,1,
HANDFUL Element Wear Gloves,Tulum XS,Tulumxs,Apparel,1,
HANDFUL Element Wear Gloves,Tulum Small,Tulumsmall,Apparel,1,
HANDFUL Element Wear Gloves,Tulum Medium,Tulummedium,Apparel,0,
HANDFUL Element Wear Gloves,Tulum Large,Tulumlarge,Apparel,1,
HANDFUL Element Wear Gloves,Tulum XL,Tulumxl,Apparel,1,
HANDFUL Element Wear Gloves,Flaming-o XS,Flaming-oxs,Apparel,1,
HANDFUL Element Wear Gloves,Flaming-o Small,Flaming-osmall,Apparel,1,
HANDFUL Element Wear Gloves,Flaming-o Medium,Flaming-omedium,Apparel,1,
HANDFUL Element Wear Gloves,Flaming-o Large,Flaming-olarge,Apparel,1,
HANDFUL Element Wear Gloves,Flaming-o XL,Flaming-oxl,Apparel,1,
HANDFUL Element Wear Gloves,Shuggabear XS,Shuggabearxs,Apparel,1,
HANDFUL Element Wear Gloves,Shuggabear Small,Shuggabearsmall,Apparel,1,
HANDFUL Element Wear Gloves,Shuggabear Medium,Shuggabearmedium,Apparel,1,
HANDFUL Element Wear Gloves,Shuggabear Large,Shuggabearlarge,Apparel,1,
HANDFUL Element Wear Gloves,Shuggabear XL,Shuggabearxl,Apparel,1,
HANDFUL Element Wear Gloves,Piece of Mind XS,Pieceofmindxs,Apparel,1,
HANDFUL Element Wear Gloves,Piece of Mind Small,Pieceofmindsmall,Apparel,1,
HANDFUL Element Wear Gloves,Piece of Mind Medium,Pieceofmindmedium,Apparel,1,
HANDFUL Element Wear Gloves,Piece of Mind Large,Pieceofmindlarge,Apparel,1,
HANDFUL Element Wear Gloves,Piece of Mind XL,Pieceofmindxl,Apparel,1,
HANDFUL Element Wear Insulated Gloves,Subzero XS,Subzeroxs,Apparel,4,
HANDFUL Element Wear Insulated Gloves,Subzero Small,Subzerosmall,Apparel,3,
HANDFUL Element Wear Insulated Gloves,Subzero Medium,Subzeromedium,Apparel,4,
HANDFUL Element Wear Insulated Gloves,Subzero Large,Subzerolarge,Apparel,5,
HANDFUL Element Wear Insulated Gloves,Subzero XL,Subzeroxl,Apparel,1,
HANDFUL Element Wear Jerseys,Redline Red Small,Redlineredsmall,Apparel,1,
HANDFUL Element Wear Jerseys,Redline Pink Small,Redlinepinksmall,Apparel,1,
HANDFUL Element Wear Jerseys,Redline Yellow Small,Redlineyellowsmall,Apparel,1,
HANDFUL Element Wear Jerseys,Redline Manta Small,Redlinemantasmall,Apparel,1,
HANDFUL Element Wear Jerseys,Redline Red Medium,Redlineredmedium,Apparel,1,
HANDFUL Element Wear Jerseys,Redline Pink Medium,Redlinepinkmedium,Apparel,1,
HANDFUL Element Wear Jerseys,Redline Yellow Medium,Redlineyellowmedium,Apparel,1,
HANDFUL Element Wear Jerseys,Redline Manta Medium,Redlinemantamedium,Apparel,1,
HANDFUL Element Wear Jerseys,Redline Red Large,Redlineredlarge,Apparel,1,
HANDFUL Element Wear Jerseys,Redline Pink Large,Redlinepinklarge,Apparel,1,
HANDFUL Element Wear Jerseys,Redline Yellow Large,Redlineyellowlarge,Apparel,1,
HANDFUL Element Wear Jerseys,Redline Manta Large,Redlinemantalarge,Apparel,1,
HANDFUL Element Wear Jerseys,Redline Red XL,Redlineredxl,Apparel,1,
HANDFUL Element Wear Jerseys,Redline Pink XL,Redlinepinkxl,Apparel,1,
HANDFUL Element Wear Jerseys,Redline Yellow XL,Redlineyellowxl,Apparel,1,
HANDFUL Element Wear Jerseys,Redline Manta XL,Redlinemantaxl,Apparel,1,
HANDFUL Element Wear Sunglasses,South Beach,Southbeach,Apparel,3,
HANDFUL Element Wear Sunglasses,Snowjob,Snowjob,Apparel,3,
HANDFUL Element Wear Sunglasses,Brain Freeze,Brainfreeze,Apparel,1,
HANDFUL Element Wear Sunglasses,Black Op,Blackop,Apparel,1,
HANDFUL Element Wear Sunglasses,Whitney,Whitney,Apparel,2,
Heavy Duty Fire Extinguisher & Boom Bottle Mount,Small,PSM11003,Accessories,14,
Heavy Duty Fire Extinguisher & Boom Bottle Mount,Large,PSM11004,Accessories,0,
Heritage Badge Hat,Pink,88892463,Gator Waders,6,
Heritage Badge Hat,Black,GWHBHB,Gator Waders,0,
Heritage Badge Hat,Aqua,GWHBHA,Gator Waders,9,
HJC CL-MAX 3,Medium Black,0100-1860,Helmet,1,1
HJC CL-MAX 3,Medium Gallant Blue,0100-1848,Helmet,2,
HJC CL-MAX 3,Large Black,0100-1861,Helmet,1,1
HJC CL-MAX 3,XL Gallant Red,0100-1844,Helmet,2,
HJC CL-MAX 3,Medium Gallant Red,0100-1842,Helmet,2,
HJC CL-MAX 3,Large Gallant Red,0100-1843,Helmet,2,
HJC CL-MAX 3,2XL Gallant Red,0100-1845,Helmet,2,
HJC CL-MAX 3,2XL Gallant Silver/Grey,0100-1863,Helmet,1,
HJC CL-MAX 3,2XL Gallant Blue,0100-1851,Helmet,1,
HJC CL-X7 Plus,4XL Flat Black,416077,Helmet,2,2
HJC CL-X7 Plus,5XL Flat Black,416078,Helmet,0,
HJC CL-XY2 Youth Helmet,Flat Black XL,0111-0961,Helmet,1,1
HJC CL-XY2 Youth Helmet,YM Blue/Black,0111-1367,Helmet,1,1
HJC CL-XY2 Youth Helmet,YL White/Black,0111-1376,Helmet,1,1
HJC CS-MXII,Small TRAX Teal/Black,0110-7002,Helmet,1,
HJC CS-MXII,Medium Flat Black,0110-4273,Helmet,1,2
HJC CS-MXII,Medium TRAX Teal/Black,0110-7003,Helmet,1,1
HJC CS-MXII,Medium Creed Grey/HiVis,0110-7688,Helmet,1,1
HJC CS-MXII,Large TRAX Teal/Black,0110-7004,Helmet,0,
HJC CS-MXII,Large Flat Black,0110-4274,Helmet,2,2
HJC CS-MXII,XL Flat Black,0110-4275,Helmet,1,1
HJC CS-MXII,XL Creed Grey/HiVis,0110-7690,Helmet,1,1
HJC CS-MXII,XL TRAX Teal/Black,0110-7005,Helmet,1,1
HJC CS-MXII,2XL Ellusion Orange/Grey,0110-6341,Helmet,2,1
HJC CS-MXII,2XL Ellusion Black/White,0110-6353,Helmet,2,
HJC CS-MXII,2XL Creed Grey/HiVis,0110-7691,Helmet,1,1
HJC CS-MXII,2XL Flat Black,0110-4276,Helmet,1,
HJC CS-MXII,3XL Flat Black,0110-4277,Helmet,2,2
HJC CS-MXII,3XL Ellusion Orange/Grey,0110-6342,Helmet,2,
HJC CS-MXII,3XL Ellusion Black/White,0110-6354,Helmet,1,
HJC CS-MXII,Large Creed Grey/HiVis,0110-7689,Helmet,1,1
HJC DS-X1,Medium White,0110-4660,Helmet,1,1
HJC DS-X1,Large White,0110-4661,Helmet,1,1
HJC i50,TONA MC7SF,0110-5972,Helmet,1,1
HJC i70,XL Semi Flat Titanium,0101-11865,Helmet,1,1
Hunt Shield Series Insulated Waders,10 M Stout Habitat,810064790744,Gator Waders,1,
Hunt Shield Series Insulated Waders,10 M Stout Bottomland,600151003839,Gator Waders,1,
Hunt Shield Series Insulated Waders,10 M Stout Realtree-Max 5,045918498983,Gator Waders,2,
Hunt Shield Series Insulated Waders,10 M Regular Bottomland,600151003815,Gator Waders,1,
Hunt Shield Series Insulated Waders,10 M Regular Habitat,810064790720,Gator Waders,1,
Hunt Shield Series Insulated Waders,10 M Regular Realtree-Max 5,045918498969,Gator Waders,1,
Hunt Shield Series Insulated Waders,12 M Stout Habitat,810064790751,Gator Waders,2,
Hunt Shield Series Insulated Waders,12 M Stout Realtree-Max 5,045918498990,Gator Waders,2,
Hunt Shield Series Insulated Waders,12 M Stout Bottomland,600151003846,Gator Waders,2,
Hunt Shield Series Insulated Waders,12 M Regular Realtree-Max 5,045918498976,Gator Waders,1,
Hunt Shield Series Insulated Waders,12 M Regular Habitat,810064790737,Gator Waders,1,
Hunt Shield Series Insulated Waders,12 M Regular Bottomland,600151003822,Gator Waders,2,
Hunt Shield Series Insulated Waders,12 M Long Realtree-Max 5,045918499027,Gator Waders,2,
Hunt Shield Series Insulated Waders,12 M Long Bottomland,600151003877,Gator Waders,0,
Hunt Shield Series Insulated Waders,12 M King Habitat,810064790805,Gator Waders,1,
Hunt Shield Series Insulated Waders,12 M King Realtree-Max 5,BSK12M5,Gator Waders,1,
Hunt Shield Series Insulated Waders,12 M King Bottomland,600151003891,Gator Waders,1,
Hunt Shield Series Insulated Waders,14 M King Bottomland,600151003907,Gator Waders,0,
Hunt Shield Series Insulated Waders,14 M King Realtree-Max 5,045918499058,Gator Waders,1,
Insulated Breathable Waders,6 W Small Tiffany,682670658479,Gator Waders,1,
Insulated Breathable Waders,6 W Medium Tiffany,682670658493,Gator Waders,1,
Insulated Breathable Waders,6 W Large Tiffany,682670658523,Gator Waders,1,
Insulated Breathable Waders,8 W Medium Olive,682670658639,Gator Waders,0,
Insulated Breathable Waders,8 W Medium Tiffany,682670658509,Gator Waders,0,
Insulated Breathable Waders,8 M Regular Black,TNF8VQJE,Gator Waders,1,
Insulated Breathable Waders,8 W Large Olive,682670658660,Gator Waders,1,
Insulated Breathable Waders,8 W Large Tiffany,682670658530,Gator Waders,1,
Insulated Breathable Waders,8 W XL Tiffany,682670658561,Gator Waders,1,
Insulated Breathable Waders,8 W XL Olive,682670658691,Gator Waders,1,
Insulated Breathable Waders,10 M Stout Black,682670658394,Gator Waders,0,
Insulated Breathable Waders,10 W Medium Tiffany,682670658516,Gator Waders,0,
Insulated Breathable Waders,10 W Large Olive,682670658677,Gator Waders,0,
Insulated Breathable Waders,10 W Large Tiffany,682670658547,Gator Waders,2,
Insulated Breathable Waders,10 W XL Tiffany,GWWXL10T,Gator Waders,1,
Insulated Breathable Waders,10 W 2XL Tiffany,682670658592,Gator Waders,1,
Insulated Breathable Waders,10 M Long Black,682670658424,Gator Waders,2,
Insulated Breathable Waders,10 M Regular Black/Grey,68267065837,Gator Waders,0,
Insulated Breathable Waders,12 M Stout Black,682670658400,Gator Waders,1,
Insulated Breathable Waders,12 M Regular Black,682670658387,Gator Waders,2,
Insulated Breathable Waders,12 M King Black,MISSBWBKK12,Gator Waders,1,
Insulated Breathable Waders,14 M Stout Black,TNIV0OVN,Gator Waders,1,
Insulated Breathable Waders,14 M Long Black,682670658448,Gator Waders,2,
Insulated Breathable Waders,14 M King Black,682670658462,Gator Waders,1,
Joe Rocket RKT 22-S Helmets,Flat Black Small,472-2074,Helmet,2,
Joe Rocket RKT 22-S Helmets,Flat Black Medium,472-2075,Helmet,4,
Joe Rocket RKT 22-S Helmets,Flat Black LG,472-2076,Helmet,5,
Joe Rocket RKT 22-S Helmets,Flat Black XL,472-2077,Helmet,7,
Joe Rocket RKT 22-S Helmets,Hivis/Black Medium,472-2145,Helmet,5,
Joe Rocket RKT 22-S Helmets,Hivis/Black LG,472-2146,Helmet,9,
Joe Rocket RKT 22-S Helmets,Hivis/Black XL,472-2147,Helmet,9,
Joe Rocket RKT 22-S Helmets,Hivis/Black 2XL,472-2148,Helmet,7,
K100S+ Fuel Treatment,8oz,757288002010,Chemical,10,
KFI 2" Rear Receiver,Can-Am,100945,KFI,4,
KFI 2" Rear Receiver,Honda,101465,KFI,1,
KFI Split Cable Hook Stopper,,33-08638,KFI,15,
KFI Tiger Tail Mount,1-1/4",101115,KFI,1,
KFI Tiger Tail Mount,2",101110,KFI,2,
KFI Tigertail Hook Bracket Kit,,101132-R,KFI,1,
"KFI Tigertail Tow System (Rope portion only, no mount)",,101120,KFI,1,
KFI Tigertail UTV Rope Assembly,,101121-R,KFI,1,
KFI Winch Mount,,101500,KFI,1,
Kimpex Outback Seat/Trunk,Base,358482,Accessories,7,
Kimpex Outback Seat/Trunk,2.0,358484,Accessories,6,
Klotz Fog On,16oz,KL-610,Lubricants,10,
L1 CanAm Outlander Cupholder for Linq Racks,,L1CANAMCUP,Accessories,82,
L1 Cowboy Hat,,L1-COWBOYHAT,Apparel,300,
L1 Goggles,Regular,TNZUDKV0,Goggles,103,
L1 Goggles,Green Tint,TNVYNQC0,Goggles,80,
L1 Goggles,Blue Tint,TNCV6SOL,Goggles,77,
L1 Goggles,Red Tint,TNXZJMJD,Goggles,71,
L1 Hat,White Letters/Grey,L1HAT-WL/G,Apparel,5,
L1 Hat,White Letter/Black,L1HAT-WL/BL,Apparel,4,
L1 Hat,White Letter Black Background/Grey,L1HAT-WLBB/G,Apparel,9,
L1 Hat,White Background/Grey,L1HAT-WB/G,Apparel,9,
L1 Hat,Teal/Grey Mesh,L1HAT-T/G-Mesh,Apparel,4,
L1 Hat,Red Background/Black,L1HAT-RB/BL,Apparel,3,
L1 Hat,Purple/Grey Mesh,L1HAT-P/G-Mesh,Apparel,5,
L1 Hat,Orange Outline/Black,L1HAT-OO/BL,Apparel,1,
L1 Hat,Orange Letter/Black,L1HAT-OL/BL,Apparel,4,
L1 Hat,Orange Background/Black,L1HAT-OB/BL,Apparel,2,
L1 Hat,Logo Grey Mesh,L1HAT-LOGO,Apparel,1,
L1 Hat,Hi-Vis Letter/Grey,L1HAT-HVL/G,Apparel,1,
L1 Hat,Hi-Vis Outline/Grey,L1HAT-HVO/G,Apparel,2,
L1 Hat,Hi-Vis Background/Grey,L1HAT-HVB/G,Apparel,4,
L1 Hat,Hi-Vis Letter/Black,L1HAT-HVL/BL,Apparel,8,
L1 Hat,Hi-Vis Background/Black,L1HAT-HVB/BL,Apparel,25,
L1 Hat,Hi-Vis Logo Mesh,L1HAT-HV-LOGO-MESH,Apparel,19,
L1 Hat,Hi-Vis Outline/Black,L1HAT-HVO/BL,Apparel,10,
L1 Hat,Green Outline/Grey,L1HAT-GO/G,Apparel,0,
L1 Hat,Green Letter/Grey,L1HAT-GL/G,Apparel,4,
L1 Hat,Green Letter/Black,L1HAT-GL/BL,Apparel,0,
L1 Hat,Green Background/Grey,L1HAT-GB/G,Apparel,10,
L1 Hat,Green Background/Black,L1HAT-GB/BL,Apparel,8,
L1 Hat,Blue Letter/Black,L1HAT-BL/BL,Apparel,3,
L1 Hat,Blue Background/Grey,L1HAT-BB/G,Apparel,8,
L1 Hat,Blue Background/Black,L1HAT-BB/BL,Apparel,10,
L1 Hat,Orange Mesh,L1HAT-O-MESH,Apparel,1,
L1 Hat,Pink Mesh,L1HAT-P-MESH,Apparel,1,
L1 Hat,White Mesh,L1HAT-W-MESH,Apparel,1,
L1 Hat,Blue Baseball,L1HAT-B-BASEBALL,Apparel,5,
L1 Hat,Black Baseball,L1HAT-BL-BASEBALL,Apparel,1,
L1 Hat,Blue Outline/Black,L1HAT-BO/BL,Apparel,5,
L1 Hat,Black Logo Mesh,L1HAT-BL-LOGO-MESH,Apparel,14,
L1 Hoodie,Small Blue,L1HOODIE-S-B,Apparel,0,
L1 Hoodie,Small Orange,L1HOODIE-S-O,Apparel,1,
L1 Hoodie,Small Teal/White,L1HOODIE-S-TW,Apparel,3,
L1 Hoodie,Small Neon Yellow,L1HOODIE-S-Y,Apparel,1,
L1 Hoodie,Medium Blue,L1HOODIE-M-B,Apparel,1,
L1 Hoodie,Medium Orange,L1HOODIE-M-O,Apparel,3,
L1 Hoodie,Medium Teal/White,L1HOODIE-M-TW,Apparel,4,
L1 Hoodie,Medium Neon Yellow,L1HOODIE-M-Y,Apparel,4,
L1 Hoodie,Large Blue,L1HOODIE-L-B,Apparel,6,
L1 Hoodie,Large Orange,L1HOODIE-L-O,Apparel,7,
L1 Hoodie,Large Teal/White,L1HOODIE-L-TW,Apparel,3,
L1 Hoodie,Large Neon Yellow,L1HOODIE-L-Y,Apparel,6,
L1 Hoodie,XL Blue,L1HOODIE-XL-B,Apparel,4,
L1 Hoodie,XL Orange,L1HOODIE-XL-O,Apparel,5,
L1 Hoodie,XL Teal/White,L1HOODIE-XL-TW,Apparel,2,
L1 Hoodie,XL Neon Yellow,L1HOODIE-XL-Y,Apparel,8,
L1 Hoodie,2XL Blue,L1HOODIE-2XL-B,Apparel,1,
L1 Hoodie,2XL Orange,L1HOODIE-2XL-O,Apparel,4,
L1 Hoodie,2XL Neon Yellow,L1HOODIE-2XL-Y,Apparel,4,
L1 Lanyard,Red,L1-LAN-RED,Apparel,194,
L1 Lanyard,Green,L1-LAN-GREEN,Apparel,498,
L1 Lanyard,Blue,L1-LAN-BLUE,Apparel,297,
L1 Moto Gloves,Small,TNC5SQ74,Gloves,14,
L1 Moto Gloves,Medium,TNU3JAIF,Gloves,25,
L1 Moto Gloves,Large,TNV8K7J0,Gloves,40,
L1 Moto Gloves,XL,TN6YCELI,Gloves,6,
L1 Moto Gloves,2XL,TNCVY15A,Gloves,4,
L1FE Outdoors Ratchet Strap,,L1RATCHSTRAP,Parts,44,
Lexin FT4 Pro Bluetooth Intercom Dual Pack Helmet Set,,4-500211,Accessories,1,
Liqui Moly SAE 10W-40 Synthetic,4L,20176,Lubricants,14,
Liqui Moly SAE 5W-50 Synthetic,4L,20214,Lubricants,33,
LS2 Blaze,XL Matte Black,436B-1015,Helmet,1,
LS2 Blaze,XL Matte Titanium,436B-1035,Helmet,0,
LS2 Blaze,XL Gloss White,436B-1025,Helmet,1,1
LS2 Blaze,2XL Gloss White,436B-1026,Helmet,0,
LS2 Strobe,Medium Matte Black,325-1013,Helmet,1,1
Maxima Air Filter Cleaner,15.5oz,79920,Chemical,10,
Maxima Brake Fluid,500ml,80-86916,Lubricants,3,
Maxima SC1 Cleaning/Polishing,4oz,78904,Chemical,46,
Maxima SC1 Cleaning/Polishing,12oz,78920,Chemical,245,
Maxima Transmission Lube 80wt,1L,41901,Lubricants,8,
Mechanix Wear M-Pact Gloves,Large Grey,781513631294,Gloves,1,
Mechanix Wear M-Pact Gloves,Medium Grey,781513631287,Gloves,1,
Motorex Carburetor Cleaner,500ml,7611197163459,Chemical,10,
Motul 10W50 Synthetic,1L,13207,Lubricants,5,
Motul 10W50 Synthetic,4L,13026,Lubricants,1,
Motul 5W40 Synthetic,1L,105897,Lubricants,1,
Motul 5W40 Synthetic,4L,105898,Lubricants,4,
Neutrino LED Head Light Kit,Renegade G2,1340,RJWC,3,
Neutrino LED Head Light Kit,Outlander G2 (not L),1341,RJWC,3,
Odor Aid Disinfectant,,627708300302,Chemical,8,
OMD 1.5 Inch Riser Block,Satin Black,BRP-RB-1500-SB,Accessories,1,
OMD 1.5 Inch Riser Block,Gloss Black,BRP-RB-1500-GBL,Accessories,2,
OMD 2 Inch Riser Block,Metallic Silver,BRP-RB-2000-MS,Accessories,2,
OMD 2 Inch Riser Block,Manta Green,BRP-RB-2000-MG,Accessories,2,
OMD 2 Inch Riser Block,CanAm Red,BRP-RB-2000-CAR,Accessories,3,
OMD 2 Inch Riser Block,Neo Yellow,BRP-RB-2000-NY,Accessories,3,
OMD 2 Inch Riser Block,Bright White,BRP-RB-2000-BW,Accessories,3,
OMD 2 Inch Riser Block,Octane Blue,BRP-RB-2000-OB,Accessories,3,
OMD 2 Inch Riser Block,Sunburst Yellow,BRP-RB-2000-SY,Accessories,2,
OMD 2 Inch Riser Block,Gloss Black,BRP-RB-2000-GB,Accessories,3,
OMD 2 Inch Riser Block,Gold,BRP-RB-2000-GD,Accessories,1,
OMD 2 Inch Riser Block,Satin Black,OMD-RB-2000-SB,Accessories,2,
OMD 2 Inch Riser Block,Desert Tan,BRP-RB-2000-DT,Accessories,1,
OMD 2 Inch Riser Block,Magma Red,BRP-RB-2000-MR,Accessories,0,
OMD 3 Inch Riser,Bright White,BRP-RB-3000-BW,Accessories,2,
OMD 3 Inch Riser,Sunburst Yellow,BRP-RB-3000-SY,Accessories,3,
OMD 3 Inch Riser,CanAm Red,BRP-RB-3000-CAR,Accessories,2,
OMD 3 Inch Riser,Octane Blue,BRP-RB-3000-OB,Accessories,2,
OMD 3 Inch Riser,Metallic Silver,BRP-RB-3000-MS,Accessories,2,
OMD 3 Inch Riser,Manta Green,BRP-RB-3000-MG,Accessories,3,
OMD 3 Inch Riser,Neo Yellow,BRP-RB-3000-NY,Accessories,2,
OMD 3 Inch Riser,Gloss Black,BRP-RB-3000-GB,Accessories,2,
OMD 3 Inch Riser,DAMAGED Satin Black,BRP-RB-3000-DSB,Accessories,1,
OMD 3 Inch Riser,Satin Black,BRP-RB-3000-SB,Accessories,4,
OMD 4-7/8 Fairlead,CanAm Red,OMD-FL-3500-CAR,Accessories,3,
OMD 4-7/8 Fairlead,Octane Blue,OMD-FL-3500-OB,Accessories,3,
OMD 4-7/8 Fairlead,Metallic Silver,OMD-FL-3500-MS,Accessories,4,
OMD 4-7/8 Fairlead,Manta Green,OMD-FL-3500-MG,Accessories,3,
OMD 4-7/8 Fairlead,Gloss Black,OMD-FL-3500-GB,Accessories,4,
OMD 4-7/8 Fairlead,Bright White,OMD-FL-3500-BW,Accessories,3,
OMD 4-7/8 Fairlead,Neo Yellow,OMD-FL-3500-NY,Accessories,3,
OMD 4-7/8 Fairlead,Sunburst Yellow,OMD-FL-3500-SY,Accessories,4,
OMD 4-7/8 Fairlead,Satin Black,OMD-FL-3500-SB,Accessories,3,
OMD 4-7/8 Fairlead,Gold,OMD-FL-3500-GD,Accessories,1,
OMD Classic Gas Cap,CanAm Red,OMD-GC-0001-CAR,Accessories,2,
OMD Classic Gas Cap,Sunburst Yellow,OMD-GC-0001-SY,Accessories,3,
OMD Classic Gas Cap,Neo Yellow,OMD-GC-0001-NY,Accessories,4,
OMD Classic Gas Cap,Gloss Black,OMD-GC-0001-GB,Accessories,3,
OMD Classic Gas Cap,Octane Blue,OMD-GC-0001-OB,Accessories,3,
OMD Classic Gas Cap,Satin Black,OMD-GC-0001-SB,Accessories,3,
OMD Classic Gas Cap,Bright White,OMD-GC-0001-BW,Accessories,4,
OMD Classic Gas Cap,Metallic Silver,OMD-GC-0001-MS,Accessories,4,
OMD Classic Gas Cap,Manta Green,OMD-GC-0001-MG,Accessories,2,
OMD Knuckle 2.0,Metallic Silver,OMD-SK-0020-MS,Accessories,2,
OMD Knuckle 2.0,CanAm Red,OMD-SK-0020-CAR,Accessories,2,
OMD Knuckle 2.0,Neo Yellow,OMD-SK-0020-NY,Accessories,2,
OMD Knuckle 2.0,Bright White,OMD-SK-0020-BW,Accessories,2,
OMD Knuckle 2.0,Gloss Black,OMD-SK-0020-GB,Accessories,3,
OMD Knuckle 2.0,Manta Green,OMD-SK-0020-MG,Accessories,3,
OMD Knuckle 2.0,Sunburst Yellow,OMD-SK-0020-SY,Accessories,2,
OMD Knuckle 2.0,Satin Black,OMD-SK-0020-SB,Accessories,3,
OMD Knuckle 2.0,Octane Blue,OMD-SK-0020-OB,Accessories,2,
OMD Max Grip Shifter,Sunburst Yellow,OMD-SK-0007-SY,Accessories,2,
OMD Max Grip Shifter,Neo Yellow,OMD-SK-0007-NY,Accessories,3,
OMD Max Grip Shifter,Octane Blue,OMD-SK-0007-OB,Accessories,2,
OMD Max Grip Shifter,Metallic Silver,OMD-SK-0007-MS,Accessories,2,
OMD Max Grip Shifter,Gloss Black,OMD-SK-0007-GB,Accessories,2,
OMD Max Grip Shifter,Manta Green,OMD-SK-0007-MG,Accessories,2,
OMD Max Grip Shifter,Satin Black,OMD-SK-0007-SB,Accessories,2,
OMD Max Grip Shifter,Bright White,OMD-SK-0007-BW,Accessories,2,
OMD Max Grip Shifter,CanAm Red,OMD-SK-0007-CAR,Accessories,2,
OMD Mini Knuckle Shifter,CanAm Red,OMD-SK-0015-CAR,Accessories,4,
OMD Mini Knuckle Shifter,Neo Yellow,OMD-SK-0015-NY,Accessories,4,
OMD Mini Knuckle Shifter,Metallic Silver,OMD-SK-0015-MS,Accessories,4,
OMD Mini Knuckle Shifter,Bright White,OMD-SK-0015-BW,Accessories,3,
OMD Mini Knuckle Shifter,Octane Blue,OMD-SK-0015-OB,Accessories,2,
OMD Mini Knuckle Shifter,Sunburst Yellow,OMD-SK-0015-SY,Accessories,2,
OMD Mini Knuckle Shifter,Manta Green,OMD-SK-0015-MG,Accessories,4,
OMD Mini Knuckle Shifter,Gold,OMD-SK-0015-GD,Accessories,2,
OMD Mini Knuckle Shifter,Satin Black,OMD-SK-0015-SB,Accessories,4,
OMD Mini Knuckle Shifter,Gloss Black,OMD-SK-0015-GB,Accessories,4,
OMD Mini Knuckle Shifter,Desert Tan,OMD-SK-0015-DT,Accessories,3,
OMD Mini Knuckle Shifter,Magma Red,OMD-SK-0015-MR,Accessories,2,
OMD Polaris Knuckle Shifter,Satin Black,POL-SK-0010-SB,Accessories,2,
OMD Polaris Knuckle Shifter,Gloss Black,POL-SK-0010-GB,Accessories,2,
OMD Polaris Max Grip Shifter,Satin Black,POL-SK-0011-SB,Accessories,2,
OMD Polaris Max Grip Shifter,Gloss Black,POL-SK-0011-GB,Accessories,4,
OMD Segway Mini Knuckle Shifter,Metallic Silver,SEG-SK-0001-MS,Accessories,5,
OMD Segway Mini Knuckle Shifter,Manta Green,SEG-SK-0001-MG,Accessories,3,
OMD Segway Mini Knuckle Shifter,Satin Black,SEG-SK-0001-SB,Accessories,5,
OMD Segway Mini Knuckle Shifter,Gloss Black,SEG-SK-0001-GB,Accessories,5,
OMD Segway Mini Knuckle Shifter,CanAm Red,SEG-SK-0001-CAR,Accessories,4,
OMD Segway Mini Knuckle Shifter,Octane Blue,SEG-SK-0001-OB,Accessories,4,
OMD Slim Grip Shifter,Red,TNVB6O2C,Accessories,0,
OMD Sport 2.0 Drink Holder Gas Cap,Manta Green,OMD-GC-0003-MG,Accessories,1,
OMD Sport 2.0 Drink Holder Gas Cap,Satin Black,OMD-GC-0003-SBL,Accessories,1,
OMD Sport 2.0 Drink Holder Gas Cap,Gloss Black,OMD-GC-0003-GBL,Accessories,2,
OMD Sport 2.0 Drink Holder Gas Cap,Magma Red,OMD-GC-0003-MR,Accessories,1,
OMD Sport 2.0 Drink Holder Gas Cap,Neo Yellow,OMD-GC-0003-NY,Accessories,2,
OMD Sport 2.0 Drink Holder Gas Cap,Bright White,OMD-GC-0003-BW,Accessories,1,
OMD Sport 2.0 Drink Holder Gas Cap,Metallic Silver,OMD-GC-0003-MS,Accessories,1,
OMD Sport 2.0 Drink Holder Gas Cap,CanAm Red,OMD-GC-0003-CR,Accessories,1,
OMD Sport Gas Cap,Sunburst Yellow,OMD-GC-0002-SY,Accessories,5,
OMD Sport Gas Cap,Gloss Black,OMD-GC-0002-GB,Accessories,4,
OMD Sport Gas Cap,Satin Black,OMD-GC-0002-SB,Accessories,3,
OMD Sport Gas Cap,CanAm Red,OMD-GC-0002-CAR,Accessories,3,
OMD Sport Gas Cap,Manta Green,OMD-GC-0002-MG,Accessories,1,
OMD Sport Gas Cap,Bright White,OMD-GC-0002-BW,Accessories,3,
OMD Sport Gas Cap,Octane Blue,OMD-GC-0002-OB,Accessories,2,
OMD Sport Gas Cap,Metallic Silver,OMD-GC-0002-MS,Accessories,4,
OMD Sport Gas Cap,Neo Yellow,OMD-GC-0002-NY,Accessories,3,
OMD Sport Gas Cap,Gold,OMD-GC-0002-GD,Accessories,1,
OMD Steering Stem Support,Threaded Shaft Only,BRP-ST-0001,Parts,4,
OMD Steering Stem Support,Full Assembly,BRP-ST-0000,Parts,6,
OMD Tie Rod,CanAm G2,BRP-TR-00G2,Parts,5,
OMD Tie Rod,CanAm G2 Wide,BRP-TR-0G2W,Parts,4,
OMD X3 Knuckle Shifter,Octane Blue,OMD-SK-X301-OB,Accessories,2,
OMD X3 Knuckle Shifter,Gloss Black,OMD-SK-X301-GB,Accessories,1,
OMD X3 Knuckle Shifter,Metallic Silver,OMD-SK-X301-MS,Accessories,1,
OMD X3 Knuckle Shifter,Manta Green,OMD-SK-X301-MG,Accessories,1,
OMD X3 Knuckle Shifter,Bright White,OMD-SK-X301-BW,Accessories,1,
OMD X3 Knuckle Shifter,Neo Yellow,OMD-SK-X301-NY,Accessories,1,
OMD X3 Knuckle Shifter,Satin Black,OMD-SK-X301-SB,Accessories,1,
OMD X3 Knuckle Shifter,Sunburst Yellow,OMD-SK-X301-SY,Accessories,1,
OMD X3 Knuckle Shifter,CanAm Red,OMD-SK-X301-CAR,Accessories,0,
Optimate1 Battery Charger,,TM401a,Accessories,9,
Patch Hat,Offroad Black,TN66CU7J,Gator Waders,0,
Patch Hat,Offroad Grey,TNXNZWZS,Gator Waders,3,
Patch Hat,Seven Camo,TNL3P72N,Gator Waders,6,
Patch Hat,Topo Lime,TNN56OZX,Gator Waders,4,
Patch Hat,Shadow Black,TNDWT5W0,Gator Waders,0,
Patch Hat,Olive,TNZYKCXR,Gator Waders,9,
Patch Hat,Topo Black,TN6A2685,Gator Waders,1,
Patch Hat,Cork Black,GW-HAT-CORK-BLK,Gator Waders,9,
PHX Helmet,Gloss Black/Red XL,PHXHELMET,Helmet,1,
PowerMadd ATV Handguard Mount,,34252,Accessories,4,
PowerMadd Grab Bar For 7/8" Bar,,43588,Accessories,7,
PowerMadd Hand Guards,Suzuki Yellow,34206,Accessories,1,
PowerMadd Hand Guards,Orange,34205,Accessories,1,
PowerMadd Hand Guards,Red/Black,TNV2HSBB,Accessories,0,
PowerMadd Hand Guards,Red/Grey,34232,Accessories,1,
PowerMadd Hand Guards,Black,34210,Accessories,0,
PowerMadd Hand Guards,Blue/Black,34204,Accessories,0,
PowerMadd Hand Guards,Green/Black,34203,Accessories,0,
PowerMadd Hand Guards,Blue/White,34221,Accessories,1,
PowerMadd Hand Guards,Yellow,34201,Accessories,1,
PowerMadd Hand Guards,White,34104,Accessories,2,
PowerMadd Tri-Mount For Handguards,,34269,Accessories,3,
Quad Logic Billet Shifter Bracket Shift Arm Base,Can-Am OUT G2,707000971,Parts,1,
Quadboss Wheel Spacers,2" 4/110 M12 X 1.5,563888,Parts,4,
Quadboss Wheel Spacers,2" 4/137 M12x1.5,563513,Parts,0,
Quadboss Wheel Spacers,1.5" 4/137 M12x1.5,563512,Parts,3,
Quadboss Wheel Spacers,1" 4/137 M12x1.5,563511,Parts,10,
Quadboss Wheel Spacers,2" 4/156 M12 X 1.5,563890,Parts,4,
Ramp Pro HD 3000lb,,129077,Accessories,1,
Red Line 10W40 Motorcycle,946ml,42404,Lubricants,97,
Red Line 75W90,946mL,57904,Lubricants,36,
Regular Lug Nuts,,LUGS,Parts,0,
Replacement Contactor,,179ATVCONT,Parts,1,
Retro Series Waders,8 W XL Max-5 Pink,682670659391,Gator Waders,1,
Retro Series Waders,8 W XL Purple,300262131246,Gator Waders,0,
Retro Series Waders,8 W XL Aqua,TNXA62MF,Gator Waders,1,
Retro Series Waders,10 W Medium Purple,TN6EW5F2,Gator Waders,1,
Retro Series Waders,10 W Large Aqua,TNE30P6K,Gator Waders,1,
Retro Series Waders,10 W Large Max-5 Pink,682670659377,Gator Waders,0,
Retro Series Waders,10 W Large Purple,300262131222,Gator Waders,1,
Retro Series Waders,14 M Long Swat,TNOBC84U,Gator Waders,0,
Retro Series Waders,14 M Long Lime/Black,600151000050,Gator Waders,1,
RJWC 1/2" x 40" Tow Rope Dark Grey,,165020,Accessories,10,
RJWC Billet Gas Cap,Polaris & Can-Am,1056,RJWC,0,
RJWC Billet Gas Cap 2.0 - Polaris & Can-Am,Black,1501,RJWC,14,
RJWC Billet Gas Cap 2.0 - Polaris & Can-Am,Red,1501RD,RJWC,14,
RJWC Billet Gas Cap 2.0 - Polaris & Can-Am,Blue,1501BL,RJWC,18,
RJWC Billet Shifter 2.0 For Can-Am,Black,1505BK,RJWC,18,
RJWC Billet Shifter 2.0 for Polaris,Black,1506BK,RJWC,10,
RJWC Can-Am Metal Skeleton Shifter,,1507,RJWC,24,
RJWC Can-Am Outlander G2 Steel Bumpercaps,,1121,RJWC,4,
RJWC Can-Am Polymer Skeleton Shifter,,1508,RJWC,21,
RJWC EFI Tuner,Kawasaki Brute Force 750 15-16,1289,RJWC,1,
RJWC EFI Tuner,CF Moto Z8 UTV/ATV 800/850/1000,1230,RJWC,1,
RJWC EFI Tuner,Out/Rene 500/650 (06-09) & 800 (06-12),1225,RJWC,3,
RJWC EFI Tuner,Outlander / Renegade G2 500/650/850/1000,1226,RJWC,2,
RJWC EFI Tuner,Polaris Sportman / Scrambler 1000,1235/1236,RJWC,4,
RJWC EL'BRAAAPO Gas Cap,Black,1503BK,RJWC,27,
RJWC El'Patron Billet Aluminum Shifter for Can-Am,Red,1522RD,RJWC,8,
RJWC El'Patron Billet Aluminum Shifter for Can-Am,Silver,1522AG,RJWC,5,
RJWC El'Patron Billet Aluminum Shifter for Can-Am,Black,1522BK,RJWC,4,
RJWC El'Patron Billet Aluminum Shifter for Can-Am,Blue,1522BL,RJWC,3,
RJWC El'Patron Billet Aluminum Shifter for Can-Am,Green,1522GR,RJWC,2,
RJWC El'Patron Billet Aluminum Shifter for Can-Am,Yellow,1522YL,RJWC,2,
RJWC El'Patron Billet Aluminum Shifter for Polaris,Red,1524RD,RJWC,1,
RJWC El'Patron Billet Aluminum Shifter for Polaris,Silver,1524AG,RJWC,1,
RJWC End Clamp,,1312,RJWC,2,
RJWC Exhaust Clamp,50mm,131350,RJWC,3,
RJWC G2 Billet Airbox Lid,,1112,RJWC,6,
RJWC Hawse Fairlead,,1701,RJWC,7,
RJWC High-Flow Foam Air Filter,Can-Am OUT/RENE G2,11601,RJWC,8,
RJWC Krossflow Endtip,,1310KF,RJWC,0,
RJWC Krossflow Logo Plate,,13101KF,RJWC,2,
RJWC Krossflow Rebuild Kit,Single 13.8",1272KF,RJWC,1,
RJWC Mud Edition End tips & Plate Logo,,1310,RJWC,0,
RJWC Neutrino2 Halo,Yellow,234001,RJWC,3,
RJWC Neutrino2 Halo,Red,234002,RJWC,6,
RJWC Neutrino2 Halo,Pink/Purple,234005,RJWC,3,
RJWC Neutrino2 Halo,Green,234003,RJWC,3,
RJWC Neutrino2 Halo,Blue,234004,RJWC,4,
RJWC Nitrile Rubber Gasket for Gas Cap,,1501HWK,RJWC,4,
RJWC OUT 1000 Max Adapter 2011-2020,,1170,RJWC,6,
RJWC POLARIS Neutrino2 LED Headlights,Regular,235000,RJWC,1,
RJWC POLARIS Neutrino2 LED Headlights,Blue Halo's,235000-Blue,RJWC,1,
RJWC POLARIS Neutrino2 LED Headlights,Green Halo's,235000-Green,RJWC,1,
RJWC POLARIS Neutrino2 LED Headlights,Red Halo's,235000-Red,RJWC,0,
RJWC POLARIS Neutrino2 LED Headlights,Yellow Halo's,235000-Yellow,RJWC,1,
RJWC Quiet Core,,1051,RJWC,8,
RJWC Reinforced Exhaust Clamps,,1313100,RJWC,15,
RJWC Repack Kit,Single 10.0",1283,RJWC,2,
RJWC Repack Kit,Single 10.6",1280,RJWC,2,
RJWC Repack Kit,Single 13.8",1272,RJWC,2,
RJWC Repack Kit,Dual 10.0",1279,RJWC,1,
RJWC Repack Kit,Dual 10.6",1273,RJWC,1,
RJWC Repack Kit,Dual 13.8",1282,RJWC,2,
RJWC Skeleton Shifter for Polaris,Aluminum,1509,RJWC,1,
RJWC Wear Sunglasses,Green Lava,SG001,RJWC,6,
RJWC Wear Sunglasses,Black Mud,SG002,RJWC,7,
RJWC Wear Sunglasses,Rainwater,SG003,RJWC,12,
RJWC Wear Sunglasses,Contra Sun,SG004,RJWC,9,
RJWC Winch Hook Holder Black G2,Regular,16501,RJWC,18,
"Rock Lights (RBG, 4PC)",,Rocklights,Accessories,9,
ROK Strap 5/8 x 42",Blue/Green,390-1922,Accessories,2,
ROK Strap 5/8 x 42",Lime Green,390-1923,Accessories,4,
ROK Strap 5/8 x 42",Pink,390-1926,Accessories,1,
ROK Strap 5/8 x 42",Black,390-1930,Accessories,2,
ROL Weights,Housing,WE240000,Parts,5,
ROL Weights,16GM,WE241016,Parts,2,
ROL Weights,18GM,WE241018,Parts,3,
Rollbar Mount 51MM (2"),,1616055,Parts,2,
Rope Extension With Soft Shackle & D-Ring,,RESSDR,Accessories,38,
ROX 2" Pivoting Riser,Black Anodized (7/8" stem and either 7/8" or 1-1/8" handle bars),1R-P2SEK,Parts,3,
ROX 2" Pivoting Riser,Black (7/8" stem clamp x 7/8" handlebar),1R-P2SS,Parts,6,
S&S SS2400,Small Matte Black,4-901074,Helmet,1,1
S&S SS2400,Small Matte Camo,4-901394,Helmet,1,
S&S SS2400,Small Matte White/Black,4-901354,Helmet,1,1
S&S SS2400,Medium Matte Camo,4-901395,Helmet,1,1
S&S SS2400,Large Matte Camo,4-901396,Helmet,0,
S&S SS2400,XL Matte Camo,4-901397,Helmet,0,
S&S SS2400,2XL Matte Orange/Black,4-901378,Helmet,0,
S&S SS2400,2XL Matte Camo,4-901398,Helmet,0,
SC1 Air Freshener,,10-10071,Accessories,10,
Scout Gloves,Small Purple,045919593687,Gator Waders,1,
Scout Gloves,W Medium Purple,045919593694,Gator Waders,0,
Scout Gloves,W Medium Tiffany,045919593731,Gator Waders,0,
Scout Gloves,W Small Tiffany,045919593724,Gator Waders,1,
Shipping,Regular,SHIPPING,,0,
Shot Furious,XS Neon Yellow,695194095187,Helmet,1,1
Shot Furious,Small Black/Orange,695194081906,Helmet,1,1
Shot Furious,Small Neon Orange,695194081722,Helmet,1,1
Shot Furious,YM Neon Yellow,695194094784,Helmet,1,1
Shot Furious,XL Black/Orange,695194081876,Helmet,1,1
Shot Furious,2XL Black/Blue/Red,695194094890,Helmet,1,1
Spike Lug Nut Set Of 16,M12x1.5 Black,813236018769,Parts,2,
Spike Lug Nut Set Of 16,M12x1.5 Chrome,779423179678,Parts,2,
Spike Lug Nut Set Of 16,3/8" Black,779423179708,Parts,1,
Spike Lug Nut Set Of 16,3/8" Chrome,779423179692,Parts,5,
Spike Lug Nut Set Of 16,M10x1.25 Black,217827,Parts,0,
Spike Lug Nut Set Of 16,M10x1.25 Chrome,217826,Parts,0,
Spike Lug Nut Set Of 16,M10 x 12.5 Black,LUG-SPIKE-M10-BLK,Parts,3,
Spike Lug Nut Set Of 16,SuperATV M10 x 1.25 Black,STLUG-40-27-4-M10-K,Parts,2,
Star Brite Star Tron,30ml,071247143164,Lubricants,17,
Star Brite Star Tron,250ml,14308C,Lubricants,8,
SuperATV Polaris Sportsman Latch & Go Tie Downs,,TD-P-003#SPM,Accessories,1,
SuperATV Winch Black Ops (with remote),2500lbs,WN-2500,Winches,1,
SuperATV Winch Black Ops (with remote),3500lbs,WN-3500,Winches,4,
SuperATV Winch Black Ops (with remote),4500lbs,WN-4500,Winches,2,
SuperATV Winch Black Ops (with remote),6000lbs,WN-6000,Winches,1,
Swamp Series Jacket,Small Black,TNNDKZL4,Gator Waders,1,
Swamp Series Jacket,Medium Black,TNDNX468,Gator Waders,0,
Swamp Series Jacket,Large Black,TN2AW5JX,Gator Waders,2,
Swamp Series Jacket,Large Coral,TN6SCB6S,Gator Waders,1,
Swamp Series Jacket,XL Black,TNANRHBA,Gator Waders,1,
Swamp Series Jacket,2XL Black,TNQQQV3Z,Gator Waders,2,
Swamp Series Jacket,3XL Black,TNY3EV3Q,Gator Waders,1,
Terra4 Jacket,M Small Moss Green,TNISQMC3,Gator Waders,1,
Terra4 Jacket,M Medium Moss Green,TNUQZZ9M,Gator Waders,0,
Terra4 Jacket,M Large Moss Green,TN5S1238,Gator Waders,1,
Terra4 Jacket,M XL Moss Green,TNMOFKD9,Gator Waders,2,
Terra4 Jacket,M 2XL Moss Green,TNIHUWA1,Gator Waders,2,
Terra4 Jacket,M 3XL Moss Green,TN2MI7OS,Gator Waders,2,
Thor Conquer Goggles,Red/White,2601-1927,Goggles,1,
Thor Conquer Goggles,Orange,2601-2090,Goggles,1,
Thor Conquer Goggles,Lime Green,2601-1936,Goggles,0,
Thor Conquer Goggles,Blue/White,2601-1928,Goggles,1,
Thor Invert Gloves,Medium White,3330-3932,Gloves,1,
Thor Invert Gloves,Medium Red,3330-3950,Gloves,0,
Thor Invert Gloves,XL White,3330-3934,Gloves,2,
Thor Invert Gloves,2XL White,3330-3935,Gloves,2,
Thor Invert Gloves,2XL Red,3330-3953,Gloves,1,
Thor Sector Split,2XL Matte/Orange/Navy,0110-6233,Helmet,2,
Thor Sector Split,XS White/Black,0110-6216,Helmet,2,1
Thor Sector Split,Small Matte/Charcoal/Black,0110-6211,Helmet,2,
Thor Sector Split,Small Matte/Orange/Navy,0110-6229,Helmet,2,
Thor Sector Split,Medium Orange/Navy,0110-6230,Helmet,2,1
Thor Sector Split,Small Matte/Black/Acid,0110-6223,Helmet,2,
Thor Sector Split,XS Matte/Black/Acid,0110-6222,Helmet,1,
Thor Sector Split,2XL Matte/Black/Acid,0110-6227,Helmet,1,
Thor Sector Split,2XL Matte/Blue/Black,0110-6239,Helmet,2,
Thor Sector Split,XL Matte/Black/Acid,0110-6226,Helmet,1,
Thor Spectrum Gloves,Medium Black,3330-6820,Gloves,0,
Thor Spectrum Gloves,Large Black,3330-6821,Gloves,2,
Thor Spectrum Gloves,XL Black,3330-6822,Gloves,1,
Torq Locker,CanAm,TL-CANAM,Parts,2,
Torq Locker,Honda Pioneer,tl-hp500,Parts,1,
Uninsulated Swamp Wader,6 W Small Snake Skin,810064790591,Gator Waders,2,
Uninsulated Swamp Wader,6 W Medium Bowspray,810064790492,Gator Waders,4,
Uninsulated Swamp Wader,6 W Medium Snake Skin,810064790614,Gator Waders,2,
Uninsulated Swamp Wader,6 W Medium Pink,810064790379,Gator Waders,1,
Uninsulated Swamp Wader,6 W Large Pink,810064790409,Gator Waders,3,
Uninsulated Swamp Wader,6 W Large Bowspray,810064790522,Gator Waders,3,
Uninsulated Swamp Wader,6 W Large Snake Skin,810064790645,Gator Waders,2,
Uninsulated Swamp Wader,7 W XL Purple 2.0,600151003143,Gator Waders,1,
Uninsulated Swamp Wader,8 W Small Pink,810064790362,Gator Waders,3,
Uninsulated Swamp Wader,8 W Small Bowspray,810064790485,Gator Waders,1,
Uninsulated Swamp Wader,8 W Small Snake Skin,810064790607,Gator Waders,1,
Uninsulated Swamp Wader,8 W Medium Pink,810064790386,Gator Waders,2,
Uninsulated Swamp Wader,8 W Medium Bowspray,810064790508,Gator Waders,3,
Uninsulated Swamp Wader,8 W Medium Snake Skin,810064790621,Gator Waders,2,
Uninsulated Swamp Wader,8 M Regular Equator,810064790157,Gator Waders,0,
Uninsulated Swamp Wader,8 W Large Bowspray,810064790539,Gator Waders,3,
Uninsulated Swamp Wader,8 W Large Snake Skin,810064790652,Gator Waders,4,
Uninsulated Swamp Wader,8 W XL Pink,810064790430,Gator Waders,1,
Uninsulated Swamp Wader,8 W XL Snake Skin,810064790676,Gator Waders,1,
Uninsulated Swamp Wader,8 W 2XL Pink,810064790454,Gator Waders,0,
Uninsulated Swamp Wader,9 W XL Pink 2.0,600151002955,Gator Waders,3,
Uninsulated Swamp Wader,10 M Stout Gale,810064790089,Gator Waders,0,
Uninsulated Swamp Wader,10 W Medium Pink,810064790393,Gator Waders,5,
Uninsulated Swamp Wader,10 W Medium Bowspray,810064790515,Gator Waders,5,
Uninsulated Swamp Wader,10 W Medium Snake Skin,810064790638,Gator Waders,3,
Uninsulated Swamp Wader,10 W Large Bowspray,810064790546,Gator Waders,5,
Uninsulated Swamp Wader,10 W Large Snake Skin,810064790669,Gator Waders,5,
Uninsulated Swamp Wader,10 W XL Pink,GWWXL10P,Gator Waders,1,
Uninsulated Swamp Wader,10 W 2XL Pink,810064790461,Gator Waders,0,
Uninsulated Swamp Wader,12 M Stout Gale,810064790096,Gator Waders,5,
Uninsulated Swamp Wader,12 M Stout Equator,810064790195,Gator Waders,1,
Uninsulated Swamp Wader,12 M Stout Lime,810064790294,Gator Waders,2,
Uninsulated Swamp Wader,12 M Regular Gale,810064790072,Gator Waders,3,
Uninsulated Swamp Wader,12 M Regular Equator,810064790171,Gator Waders,2,
Uninsulated Swamp Wader,12 M Long Equator,810064790218,Gator Waders,1,
Uninsulated Swamp Wader,12 M Long Gale,810064790119,Gator Waders,0,
Uninsulated Swamp Wader,12 M Long Lime,810064790317,Gator Waders,0,
Uninsulated Swamp Wader,13 M Stout Blue 2.0,600151002290,Gator Waders,1,
Uninsulated Swamp Wader,13 M Stout Black,600151002559,Gator Waders,0,
Uninsulated Swamp Wader,14 M Long Lime,810064790324,Gator Waders,7,
Uninsulated Swamp Wader,14 M Long Equator,810064790225,Gator Waders,2,
Uninsulated Swamp Wader,14 M Long Gale,810064790126,Gator Waders,3,
Uninsulated Swamp Wader,10 M Stout Equator,SWU49MS10,Gator Waders,1,
Valve Caps (4pc sets),,ValveCaps,Accessories,66,
Warn Winches,Axon 35-S,101130,Winches,1,
Warn Winches,Axon 45-S,101140,Winches,1,
Warn Winches,VRX 35-S,101030,Winches,1,
Warn Winches,VRX 45-S,101040,Winches,1,
Water Shoes,6 Pink,6001510060526,Gator Waders,2,
Water Shoes,8 Pink,6001510060540,Gator Waders,1,
Water Shoes,8 Blue,6001510060403,Gator Waders,2,
Water Shoes,9 Aqua,6001510060502,Gator Waders,1,
Water Shoes,9 Blue,6001510060410,Gator Waders,2,
Water Shoes,9 Lime,6001510060441,Gator Waders,2,
Water Shoes,10 Blue,6001510060427,Gator Waders,1,
Water Shoes,10 Lime,6001510060458,Gator Waders,1,
Water Shoes,12 Lime,6001510060373,Gator Waders,1,
Water Shoes,12 Blue,TNNCZM3L,Gator Waders,2,
Winch Hook,,TN79NZ1R,Accessories,93,
Winch Rope,2500lb with Hook,TNTD085K,Accessories,8,
Winch Rope,Short (5mm)3/16 x 8' Black,TNCF8BNA,Accessories,0,
Winch Rope,Quadrax Short Blue Synthetic Winch Rope,TNVUWH2Q,Accessories,0,
Winch Rope,Plow Pulley On Strap,TNQX3NPZ,Accessories,13,
Winch Rope,Warn Synthetic 5/32" x 40ft,012748772125,Accessories,2,
Winch Rope,Tree Saver,10-09506,Accessories,3,
Winch Rope,Synthetic No Hook Blue 3500lbs,TNAL3RYG,Accessories,63,
Winch Rope,Synthetic No Hook Grey 3500lbs,TNYC5U7I,Accessories,28,
Winch Rope,Synthetic No Hook Blue 4500lbs,TNJHKFPM,Accessories,49,
Winch Rope,Synthetic No Hook Grey 4500lbs,TNMA3396,Accessories,25,
Winch Rope,Synthetic No Hook Blue 5000lbs,HW5225B,Accessories,15,
Winch Rope,Synthetic No Hook Grey 5000lbs,HW5225G,Accessories,7,
Yamaha Shifter Knob,,TN6KMXCB,Accessories,6,
Youth Bog Jacket,Medium Aqua,YGWMA,Gator Waders,1,
Youth Bog Jacket,Medium Black/Lime,YTH03M,Gator Waders,1,
Youth Bog Jacket,Large Black/Lime,YTH03L,Gator Waders,1,
Youth Bog Jacket,XL Black/Lime,YTH03XL,Gator Waders,1,
Youth GMAX MX-46 Offroad Dominant,Medium Black/White/Red,4-946591,Helmet,1,
Youth GMAX MX-46 Offroad Dominant,Medium Blue/Black/White,4-946521,Helmet,1,
Youth GMAX MX-46 Offroad Dominant,Small Black/Hi-Vis,4-946540,Helmet,1,
Youth GMAX MX-46 Offroad Dominant,Small Black/White/Red,4-946590,Helmet,1,
Z1R Rise Helmet,LG Orange,0110-7235,Helmet,1,1
Z1R Rise Helmet,XL Orange,0110-7236,Helmet,1,1
Z1R Rise Helmet,2XL Orange,0110-7237,Helmet,1,1
Z1R Rise Helmet,LG Blue,0110-7251,Helmet,1,1
Z1R Rise Helmet,SM Pink,0110-7257,Helmet,1,1
Z1R Rise Helmet,LG Pink,0110-7259,Helmet,1,1
Z1R Rise Youth Helmet,YS Camo Matte Blue,0111-1267,Helmet,1,
Z1R Rise Youth Helmet,YS Orange,0111-1442,Helmet,1,1
Z1R Rise Youth Helmet,YM Orange,0111-1443,Helmet,1,1
Z1R Rise Youth Helmet,YL Orange,0111-1444,Helmet,1,1
Z1R Rise Youth Helmet,YS Black,0111-1156,Helmet,1,1
Zoan Blade SV,3XL Matte Black,470-5179,Helmet,1,
Zoan Blade SV,2XL Black/White/Orange,470-5578,Helmet,1,
Zoan Mx Synchrony Endurance,2XL White/Black/Red,47-03318,Helmet,1,1
Zoan Mx Synchrony Endurance,2XL Gloss Anthracite/Silver/Black,47-03398,Helmet,1,1
Zoan Mx Synchrony Endurance,2XL White/Black/Blue,47-03328,Helmet,1,1
Zoan Mx Synchrony Endurance,3XL White/Black/Blue,47-03329,Helmet,1,1
Zoan Runner,3XL White,470-2089,Helmet,1,1
Zoan Stinger,XL Black/Silver/White,471-7257,Helmet,1,
Zoan Stinger,2XL Blue/Black/White,471-7228,Helmet,1,
Zoom,1L,627843557753,Chemical,45,
Zoom,3.78L,627843557760,Chemical,11,
ZOX Condor SVS,Small Orange,88-31702,Helmet,1,1
ZOX Condor SVS,Small Yellow,88-31683,Helmet,0,
ZOX Condor SVS,Small Silver,88-31652,Helmet,1,1
ZOX Condor SVS,Medium Black,88-30853,Helmet,1,1
ZOX Condor SVS,Medium Yellow,88-35423,Helmet,2,2
ZOX Condor SVS,Medium White,88-35413,Helmet,0,
ZOX Condor SVS,Large Matte Black,88-30854,Helmet,2,2
ZOX Condor SVS,Large White,88-35414,Helmet,1,1
ZOX Condor SVS,Large Yellow,88-31684,Helmet,2,1
ZOX Condor SVS,Large Black/HiVis Yellow,88-35424,Helmet,1,1
ZOX Condor SVS,XL White,88-35415,Helmet,1,1
ZOX Condor SVS,XL Matte Black/Hi-Viz Yellow,88-35425,Helmet,1,
ZOX Condor SVS,XL Matte Black,88-30855,Helmet,2,2
ZOX Condor SVS,2XL Matte Black/White,88-35416,Helmet,1,
ZOX Condor SVS,2XL Yellow,88-35426,Helmet,0,
ZOX Condor SVS,2XL Matte Black,88-30856,Helmet,2,2
ZOX Condor SVS,3XL Black,88-30857,Helmet,2,2
ZOX Mikro,Small Custom Black,88-00672,Helmet,1,
ZOX Mikro,Medium Custom Black,88-00673,Helmet,1,1
ZOX Mikro,3XL Custom Black,88-00667,Helmet,1,1
ZOX Pulse Helmet,Medium Drift Matte Black,88-35233,Helmet,1,1
ZOX Pulse Helmet,XL Drift Matte Black,88-35235,Helmet,0,
ZOX Pulse Helmet,Large Drift Matte Black,88-35234,Helmet,2,2
ZOX Pulse Jr Helmet Youth,Small Glory Matte Grey,88-35012,Helmet,1,
ZOX Pulse Jr Helmet Youth,Small Glory Matte Pink,88-35052,Helmet,1,1
ZOX Pulse Jr Helmet Youth,Medium Glory Matte Hi-Viz Yellow,88-35033,Helmet,0,
ZOX Pulse Jr Helmet Youth,Medium Glory Matte Grey,88-35013,Helmet,0,
ZOX Pulse Jr Helmet Youth,Medium Glory Matte Pink,88-35053,Helmet,1,
ZOX Pulse Jr Helmet Youth,Large Glory Matte Grey,88-35014,Helmet,0,
ZOX Pulse Jr Helmet Youth,Large Glory Matte Pink,88-35054,Helmet,0,
ZOX Pulse Jr Helmet Youth,Large Glory Matte Hi-Viz Yellow,88-35034,Helmet,1,1
ZOX Rage,Small Pearl White,88-35532,Helmet,1,1
ZOX Rage,Medium Sky,88-35563,Helmet,1,1
ZOX Rage,Medium Red,88-35553,Helmet,1,1
ZOX Rage,Medium Pearl White,88-35533,Helmet,0,
ZOX Rage,Large Pearl White,88-35534,Helmet,1,
ZOX Rage,Large Sky,88-35564,Helmet,1,1
ZOX Rage,Large Red,88-35554,Helmet,0,
ZOX Rage,XL Pearl White,88-35535,Helmet,1,1
ZOX Rage,XL Red,88-35555,Helmet,2,2
ZOX Rage,XL Sky,88-35565,Helmet,1,1
ZOX Rage,2XL Red,88-35556,Helmet,1,1
ZOX Rage,2XL Pearl White,88-35536,Helmet,1,1
Zox Rush SFX,Small Yellow,88-32702,Helmet,1,1
Zox Rush SFX,Small Pink,88-32732,Helmet,1,1
Zox Rush SFX,Small Green,88-32692,Helmet,1,1
Zox Rush SFX,Medium Blue,88-32683,Helmet,1,1
Zox Rush SFX,XL Orange,88-32715,Helmet,1,1
ZOX Thunder R2,2XL Blade Matte Hi-Viz Yellow,88-34866,Helmet,1,1
ZOX Thunder R2,2XL Blade Red/Black,88-34876,Helmet,1,
